status_in_queue	folder	drive_file_id	title	prior_status	doc_slug
pending	effect-of-stress	13BRgDczkKywLswJ7SUe5Hm8TtdSdwRgh	Kube & Turner 2016 stress-dependent scattering polycrystals	partial	kube-turner-2016-scattering
pending	effect-of-stress	181sLIH0RfLxr-rmsSTw8P4XJsH3HQurK	Zarembo & Krasilnikov 1971 nonlinear elastic waves review	partial	zarembo-krasilnikov-1971-nonlinear
pending	effect-of-stress	1gR5HdQb5OrqKswGTwaodyrTlM_oUJKi1	Chen Mills Dwyer-Joyce 2015 rolling bearing load monitoring ToF	partial	chen-mills-2015-bearing-tof
pending	effect-of-temperature	1QMTMjLTrTyKPqLQX_IZCUN83rFk9hTU3	1986 - Novel techniques...Wadley.pdf	partial	wadley-1986-ultrasonic-internal-temperature
pending	effect-of-temperature	1example-bhatia-1960	1960 - Bhatia - attenuation metals low temperatures.pdf	partial	bhatia-1960-attenuation-metals-low-temperatures
pending	effect-of-temperature	1example-krsmanovic-2009	2009 - Krsmanovic PhD - BIT gas flow.pdf	partial	krsmanovic-2009-phd-bit-gas-flow
pending	effect-of-temperature	1example-moreira-2019	2019 - Moreira - heat transfer coefficient review.pdf	partial	moreira-2019-heat-transfer-coefficient-review
pending	effect-of-temperature	1example-scruby-1993-laser	1993 - Scruby Moss - noncontact laser ultrasonics steel.pdf	partial	scruby-1993-noncontact-laser-ultrasonics-steel
pending	effect-of-temperature	1p0-pBTq-sEjQhnB92lC8z2ugzQ9Yq-rX	2020 1-s2.0-S0960148119315721-main.pdf	partial	wei-2020-2d-temperature-reconstruction
pending	effect-of-temperature	desktop-ini-1	desktop.ini	unreadable	—
pending	effect-of-temperature	desktop-ini-2	desktop.ini	unreadable	—
pending	microstructure	1-jsZE3S7nT48PtYDWqUR9K0rdJiAxAoZ	Ultrasonic Backscattering in Cubic Polycrystals with Ellipsoidal Grains and Texture - (2013) L Yang and SI Rokhlin.pdf	partial	yang-rokhlin-backscattering-cubic-2013
pending	microstructure	11ViFems1RHxF4WUKgJ5rB4FUxCFGPSWL	A unified theory for elastic wave propagation in polycrystalline materials - (1984) FE Stanke and GS Kino.pdf	partial	stanke-kino-unified-theory-1984
pending	microstructure	17Y0BNfnHZnxGGC4_7f7QlLdaLqlIqQYR	Elastic wave propagation and scattering in heterogeneous, anisotropic media - Textured polycrystalline materials - (1999) JA Turner.pdf	partial	turner-textured-polycrystals-1999
pending	microstructure	1DdmyCkwERDYkIYIQQzXOYTW_JWTsPKic	The Influence of Austenite Grain Size on the Mechanical Properties of Low-Alloy Steel with Boron - B Bialobrzeska (2016).pdf	partial	bialobrzeska-austenite-grain-size-2016
pending	microstructure	1E1ePPY5bAqCffpcHVJOcb8cHzbqw7Zqi	Analytical Ultrasonics in Materials Research and Testing - NASA.pdf	partial	nasa-analytical-ultrasonics-1984
pending	microstructure	1GFk5w_kAAITWSPPHR8hlJtv0kPT_v_BT	Development of Nonlinear Ultrasound Techniques Final_Thesis_Corrected_28_10_2014.pdf	partial	fierro-nonlinear-us-phd-2014
pending	microstructure	1HzkboDcrVLH_8fMJuQw1Lzfw4_ewzwpf	2005 - Wave-induced fluid flow in random porous media- Attenuation and dispersion of elastic waves - Tobias M. Muller.pdf	partial	muller-gurevich-fluid-flow-2005
pending	microstructure	1K31ENnIhdaEmlbyJN-M1XXC-pjl0UCCW	Ultrasonic inspection of highly scattering material - PhD Thesis -(2015) AV Pamel.pdf	partial	pamel-highly-scattering-phd-2015
pending	microstructure	1KQ7YvuP3hYFU8B6bAg0k_Dx1HOkoxne1	Acoustic attenuation in solids.pdf	partial	acoustic-attenuation-in-solids-proceedings
pending	microstructure	1XxRUB98ehHmTm5tceMiuCmV44sD2WQpg	Effects of Grain Size on Ultrasonic Attenuation in Type 316L Stainless Steel - T Wan (2017).pdf	partial	wan-316L-grain-size-2017
pending	microstructure	1bY4HdJTLt5IFQJtxpFrg6UViN0fun8Mj	Ultrasonic scattering in polycrystals with orientation clusters of orthorhombic crystallites - (2013) L Yang.pdf	partial	yang-orthorhombic-cluster-2013
pending	microstructure	1hYovhnuaM0V7OUAPV47akHPA2g0hB5eQ	Determination of absolute material nonlinearity with air-coupled ultrasonic receivers - (2017) David Torello.pdf	partial	torello-air-coupled-nonlinearity-2017
pending	microstructure	1iMbHO5f5y124JKuc-l2rZluE-K4Kdpra	Ultrasonic method of observing the behaviour of dislocation in sodium chloride crystals - (1962) LG Merkulov.pdf	partial	merkulov-dislocations-nacl-1962
pending	microstructure	1oU4oWgjutXu45rLp6VBKrEJBjJZ60Qs1	Modulation Method for Measurements of Ultrasonic Dispersion - (1956) Zverev.pdf	partial	zverev-dispersion-modulation-1956
pending	microstructure	1pvKDXQ3x5H2ZabY2gQ9ZhFjpzy3cdRpM	Dislocation Contribution to the Attenuation of Ultrasound in Ferromagnetics - (1960) W J Bratina.pdf	partial	bratina-mills-dislocation-1960
pending	microstructure	1t9x2Q1RtKdvedPTNsmt97QPqwTKW6jJD	Effects of frequency-dependent attenuation and velocity dispersion on in vitro ultrasound velocity measurements in intact human femur specimens - (2006) Haiat.pdf	partial	haiat-femur-sos-2006
pending	00-general-acoustics	1-hDb18KAk-dNdcYLkKWe_h-nGC40k5V_	2012 - K Nakamura - Ultrasonic Transducers.pdf	partial	nakamura-ultrasonic-transducers
pending	00-general-acoustics	10_Guw4clHhWJET8AtSMogblrNrHz23zw	2_01.pdf (AIP handbook section)	partial	acoustic-properties-materials-collection
pending	00-general-acoustics	12PfpjrFV6WLa18dkI8J6LyZbK-S4TtR4	Transmission line - BA Auld Acoustic fields and waves in solids.pdf	partial	auld-transmission-line
pending	00-general-acoustics	13-lIcl4AnX_OoesYF54JQsO921Qz13Ol	Fundamentals of Ocean Acoustics 1982 - Brekhovskikh.pdf	partial	brekhovskikh-ocean-acoustics-1982
pending	00-general-acoustics	13H-3Zanl0FuOY-eR9XpGQ18ChaXx1okI	Physical Acoustics Vol XVI.djvu	unreadable	mason-physical-acoustics-collection
pending	00-general-acoustics	145YahX5PYttXY634zgLcVUhm2uzMewr2	Physical Acoustics Vol V.djvu	unreadable	mason-physical-acoustics-collection
pending	00-general-acoustics	14BbEDV6zoNylXE4SWdeNZCXU-StVyomt	Auld Vol 1 annotated (folder djvu).djvu	unreadable	auld-folder-collection
pending	00-general-acoustics	14EsmGe6lnYfxPyP1wWEt_pq2HT1JWMpe	Physical Acoustics Vol XVII.djvu	unreadable	mason-physical-acoustics-collection
pending	00-general-acoustics	15HZJo-uMlaw5ZRbFFus-_oYRAFvkA7eN	Physical Acoustics Vol II-A (Mason 1965).pdf	partial	mason-physical-acoustics-collection
pending	00-general-acoustics	15gk6mhH9aQzaLed1qEYlUWNb4sKloLwu	Physical Acoustics Vol XIII (Mason 1977).pdf	partial	mason-physical-acoustics-collection
pending	00-general-acoustics	15pLYEYjthQ_WcRpSIERtvfnTHPRfC6zq	1973 - B A Auld - Acoustic Fields Vol 2.djvu	unreadable	auld-acoustic-fields-vol2
pending	00-general-acoustics	15zkn_t97s_nhS_yzAff7xYsV1ilG3UoL	Fundamentals of Ocean Acoustics 2003 (djvu-1).djvu	unreadable	brekhovskikh-ocean-acoustics-2003
pending	00-general-acoustics	16I5lnIo84qkjM-wO8tfjZ5zlbkkMk11P	1973 - J D Achenbach - Waves Propagation in Elastic Solids.pdf	unreadable	achenbach-wave-propagation-elastic
pending	00-general-acoustics	16QiOymmj5MWi82gIE0d8ogQVjGF1ctJ_	Physical Acoustics Vol VII.djvu	unreadable	mason-physical-acoustics-collection
pending	00-general-acoustics	16VyWNOVymKhsZEaHhHYU9eQOrGrc6pFV	Brillouin - Wave Propagation and Group Velocity (1960).djvu	unreadable	brillouin-wave-propagation-group-velocity
pending	00-general-acoustics	16lra6GzUqyqbyZ__eCb_z8l2pP4DdDUp	1990 - J Krautkramer H Krautkramer - Ultrasonic Testing of Materials.pdf	partial	krautkramer-ultrasonic-testing
pending	00-general-acoustics	190iI1z7U1vmlAtIIRlGjLGo2bkEwxMwT	Physical Acoustics Vol XVIII.djvu	unreadable	mason-physical-acoustics-collection
pending	00-general-acoustics	196WpyYWC2T762_skDQWyvraBn0F9xc5B	2013 - Fundamentals of Acoustics lect notes.pdf	partial	fundamentals-acoustics-wikibooks
pending	00-general-acoustics	1AHhhXCEoUGDZATzRBWbqCLWg8TFccPjF	2013_Bookmatter - Fundamentals of Piezoelectricity.pdf	partial	fundamentals-piezoelectricity-robotic
pending	00-general-acoustics	1EJwVAkVhHScf9sSPDsz5t7gTLeZq5Ys0	Ultrasonic Testing.pdf	partial	ultrasonic-testing-intro
pending	00-general-acoustics	1HRy723RjvNz-HXgvAoUlYNG3P2BQWrMO	Physical Acoustics Vol II-B (Mason 1965).pdf	partial	mason-physical-acoustics-collection
pending	00-general-acoustics	1JE5n4JnPKmmev4vyxrJryAVR6ay3JFGi	Auld Vol 2 (folder djvu).djvu	unreadable	auld-folder-collection
pending	00-general-acoustics	1LJLVWSvUwuS0rK59hfb0kf69H3itqvOI	2013 - Jacobsen Juhl - Fundamentals of general linear acoustics.pdf	partial	jacobsen-juhl-general-linear-acoustics
pending	00-general-acoustics	1M3g_z_r9ugeZwDT-qDbomxLG-nkSZjGc	1942 - Warren P Mason - Electromechanical Transducers and Wave Filters.pdf	partial	mason-electromechanical-transducers
pending	00-general-acoustics	1MB4xD8zxIEjx2-Mj_D6IMzETCVcL_bB8	2000 - Lawrence E Kinsler - Fundamentals of acoustics 4th ed.pdf	partial	kinsler-fundamentals-acoustics
pending	00-general-acoustics	1N6UyLb4KHx8B-YYJehqrGUMQjneqQOV1	Piezoelectricity - BA Auld Acoustic fields and waves in solids.pdf	unreadable	auld-piezoelectricity
pending	00-general-acoustics	1NeDk9UFVL-S_VXORppO8-SUkzZKIb3RF	Auld Vol 1 (folder djvu).djvu	unreadable	auld-folder-collection
pending	00-general-acoustics	1NzywUdIQi-c9eOYM-Mz1pqI5UUklKnaO	2000 - Frank J Fahy - Foundations of Engineering Acoustics.pdf	partial	fahy-foundations-engineering-acoustics
pending	00-general-acoustics	1PyWhPAwEsO-GPvzimGMVZ4KFvSRKlyYP	Physical Acoustics Vol IX.djvu	unreadable	mason-physical-acoustics-collection
pending	00-general-acoustics	1QFxV0-LQkxTdJFbMYOTJC5qX-68UlCKl	Speed of sound in various materials (RSHydro)	partial	acoustic-properties-materials-collection
pending	00-general-acoustics	1RF4Fn7uZ6nka9MY9s0Og2LiGMmHsfozq	1978 - GOVPUB-C13 - Ultrasonic Materials Characterization.pdf	partial	berger-linzer-ultrasonic-materials-characterization
pending	00-general-acoustics	1Rcifh-ltHtyltvgO7w5EG967ZaTIzSfm	1984 - MG Silk - Ultrasonic transducers for nondestructive testing.pdf	unreadable	silk-ultrasonic-transducers
pending	00-general-acoustics	1SDpJBfqxNtoe0frP7UbieyO2_vGytYLZ	Acoustics of Layered Media II - Brekhovskikh.pdf	partial	brekhovskikh-layered-media-ii
pending	00-general-acoustics	1SS8icqQIQq7p8XX_cmRxmK2i2KWhcNDi	1990 - LM BREKHOVSKIKH - Acoustics of Layered Media I (2nd ed).pdf	unreadable	brekhovskikh-layered-media-i-1990
pending	00-general-acoustics	1SkyPsFeaGzyEqvO-paIZKgE8lV6elUBY	Physical Acoustics Vol I-A (Mason 1964).pdf	partial	mason-physical-acoustics-collection
pending	00-general-acoustics	1Te7nDwCD5G087UGUM1RzDEEUWpyUibmF	1994 - A Bedford DS Drumheller - Introduction to Elastic Wave Propagation.pdf	partial	bedford-drumheller-elastic-wave-propagation
pending	00-general-acoustics	1VO6SJBGj7Gub9VXdcjpIcddUGQptQ4	17_Ginzel.pdf	partial	acoustic-properties-materials-collection
pending	00-general-acoustics	1XmI-eUJowyDZFAbSTGC0Nu1FSPiST666	Acoustical Imaging Volume 14 - 1985.pdf	partial	acoustical-imaging-14
pending	00-general-acoustics	1bRn_KE-oTg4l8YtxYD0LMX1lCHRsBkHA	2003 - Fundamentals of Ocean Acoustics (djvu-2).djvu	unreadable	brekhovskikh-ocean-acoustics-2003
pending	00-general-acoustics	1blzPHR_4edDC-LkMCP3isWji33L07DdX	Michael Carley - Some notes on acoustics_bath notes.pdf	partial	carley-bath-acoustics-notes
pending	00-general-acoustics	1c6dISdmoNoi36i3stCvjPQhl4UAyb026	Physical Acoustics Vol VIII (Mason 1971).pdf	partial	mason-physical-acoustics-collection
pending	00-general-acoustics	1dGd03nRawoiVS_xR0b7zqsFO-bbpY1rL	1978 - H Berger M Linzer - Ultrasonic Materials Characterization.pdf	partial	berger-linzer-ultrasonic-materials-characterization
pending	00-general-acoustics	1dOF-gOwUXm7NW5j_yvLiGXiyQv6cg5tK	1981 - L Flax - Physical Acoustics Vol XV - Theory of Resonance Scattering.pdf	partial	flax-theory-resonance-scattering
pending	00-general-acoustics	1dQ8Y_iLE7ZCqDs5WDsYN3W36QMJgvVam	Adiabatic Bulk Moduli.pdf	partial	adiabatic-bulk-moduli
pending	00-general-acoustics	1eqroKQYWCW5z7uADONXzsOMWt_woGlNY	Waanders - Piezoelectric Ceramics Properties and Applications.pdf	partial	waanders-piezoelectric-ceramics
pending	00-general-acoustics	1h-zcgcR-blCYesHnz9-ssbBFg82HsTi1	Physical Acoustics Vol III-B.djvu	unreadable	mason-physical-acoustics-collection
pending	00-general-acoustics	1hB__yOb0m2Hie3cAtL8uPkdeEkYsOLRU	Physical Acoustics Vol X.djvu	unreadable	mason-physical-acoustics-collection
pending	00-general-acoustics	1hToDguqUtXvInP_kGbUZbxOvztFgfmUy	Michael Carley - Turbulance and noise.pdf	partial	carley-turbulence-noise
pending	00-general-acoustics	1hgwBU5a4iDkBaQPSvozR27BWUPvlpajj	Physical Acoustics Vol XIX.djvu	unreadable	mason-physical-acoustics-collection
pending	00-general-acoustics	1jjPh9aIXLPWSle5wRtCOy2YrWis9We-e	Physical Acoustics Vol XII.djvu	unreadable	mason-physical-acoustics-collection
pending	00-general-acoustics	1kARN66JAGetbAI9z0ufEAE4tNRwg9ak0	Physical Acoustics Vol XXIII.djvu	unreadable	mason-physical-acoustics-collection
pending	00-general-acoustics	1kc8AsjONOVeh6ewlsZnU5PTA7ySa_ssU	Physical Acoustics Vol IV-B.djvu	unreadable	mason-physical-acoustics-collection
pending	00-general-acoustics	1lChorXtSoxfjMPnVwdJ0VcYFZUDMgqGY	Physical Acoustics Vol XV.djvu	unreadable	mason-physical-acoustics-collection
pending	00-general-acoustics	1lvvyEGeUME6sPZGNQ4MVxYRcwRh1O8Hy	7-Nonlinear_Wave_Equation-22C-W15.pdf	partial	nonlinear-wave-equation
pending	00-general-acoustics	1m4DJgDoqwxfxAJKcV6S14AEdizKIjjO7	06_Linear_Elasticity_03_Anisotropy.pdf	partial	anisotropic-elasticity-linear
pending	00-general-acoustics	1m8ZH__xfmq4dK_yWpGXJSTy4gDqhJPQR	Physical Acoustics Vol XI (Mason 1975).pdf	partial	mason-physical-acoustics-collection
pending	00-general-acoustics	1mEcTDuBmBTg5HcYWKTob1B44n_OzzpOm	2015 - Pietro Burrascano - Ultrasonic NDE Systems.pdf	partial	burrascano-ultrasonic-nde-systems
pending	00-general-acoustics	1n2uW85JqJ-2QmAUgxawkG5uVP1BoG4vj	2008 - Roman Gr Maev - Acoustic Microscopy Fundamentals and Applications.pdf	partial	maev-acoustic-microscopy
pending	00-general-acoustics	1pQH_6Z6uoADYz4ywvqetFH2FoJXDtGTs	1973 - B A Auld - Acoustic Fields Vol 1.djvu	unreadable	auld-acoustic-fields-vol1
pending	00-general-acoustics	1pnMwsCB7tMGTYRdsxsK9lVwO-dFfns2W	1929 - JW Strutt Rayleigh - The Theory of Sound.pdf	partial	rayleigh-theory-of-sound
pending	00-general-acoustics	1pnoplPyVZYjDzqH44eRtaFr_B_2xkIak	2006 - Heinrich Kuttruff - Acoustics An Introduction.pdf	partial	kuttruff-acoustics-introduction
pending	00-general-acoustics	1soTkHTcHJIwCXKBpRyw8CwHpWoOIYuSZ	Physical Acoustics Vol XXIV.djvu	unreadable	mason-physical-acoustics-collection
pending	00-general-acoustics	1uXwmg6wQdtCNk95x0bl9tPB-31yh5jAK	Physical Acoustics Vol XIV.djvu	unreadable	mason-physical-acoustics-collection
pending	00-general-acoustics	1wWTqN-5k_B0mjIVOZb2mhhpRq24ZjlCd	aip-handbook-section3f(2).pdf	partial	acoustic-properties-materials-collection
pending	00-general-acoustics	1w_GKhmNAfJNRrzMc3mGNEm3XTyGUx3vu	Physical Acoustics Vol VI.djvu	unreadable	mason-physical-acoustics-collection
pending	00-general-acoustics	1wmbgZDcH8r5Co0e2vDZBNVcYGXYu_0bU	1989 - LM BREKHOVSKIKH - Acoustics of Layered Media I.pdf	partial	brekhovskikh-layered-media-i-1989
pending	00-general-acoustics	1xuTJBF68aP-cEZOKHUwSvxUGpqpvgQ38	Physical Acoustics Index Vol I-XXV.djvu	unreadable	mason-physical-acoustics-collection
pending	00-general-acoustics	1yRHbuq11X_9hs-k9LSMw_dqgbJIbdV5-	1990 - Good piezo reference pages.docx	partial	good-piezo-references
pending	00-general-acoustics	1ySYRN5H0rGHyMm6xV3DsqxkiVoV5hfHo	Physical Acoustics Vol IV-A.djvu	unreadable	mason-physical-acoustics-collection
pending	00-general-acoustics	1zfc3m0VhegokKhgaT-5W58WL0fFH0nzc	Physical Acoustics Vol XX.djvu	unreadable	mason-physical-acoustics-collection
pending	contact-study-using-us-waves	1kgJoPR8dBdqYtvBoq3bOKEaZ_6pv3LNT	The Real-Time Characterisation of Dry Machine Element Contacts Using Ultrasonic Reflectometry - (2013) H. Brunskill - Thesis.pdf	partial	brunskill-2013-thesis-ultrasonic-reflectometry
pending	lubrication-film	1q-2pntQj1b7GWAKSGtb-pk6HqaJWf1r2	Ultrasonic Reflection for Measurement of Oil Film Thickness and Contact between Dissimilar Materials - PhD Thesis, Gasni Dedison.pdf	partial	gasni-phd-thesis-ultrasonic-oil-film
pending	range-measurement	17z99ITKjWU3zKY7ePX5B_Lar-gk9xqr2	2003-03-Transient-Diffraction-Effects-Ultrasonic-Meters-Lunde.pdf	partial	lunde-2003-transient-diffraction-flow-meters
pending	range-measurement	1GGSmTmTCcy-icnryiK99ggmmfAL_QGnu	2012 - A newly conceived cylinder measuring machine and methods that eliminate the spindle errors - A Vissiere.pdf	partial	vissiere-2012-cylinder-measuring-machine
pending	range-measurement	1Nyr0SjywkHBcARXKHDEApJmhp43IyFRJ	MICRO-EPSILON PAGE ON RANGE MEASURMENT TECH.pdf	unreadable	micro-epsilon-range-measurement-tech
pending	range-measurement	1ObrdqB4hLnfZv8X2OCOjAC6yvGLNVdQz	2012 - Optical methods for distance and displacement measurements - Gary Berkovic.pdf	partial	berkovic-2012-optical-distance-displacement
pending	range-measurement	1V_SPhSMQ5MMFUnE1B1pZHckumz5Ez_mc	1976 - Physical Acoustics - Volume 12 - Principles and Methods.pdf	partial	physical-acoustics-vol-12
pending	range-measurement	1nxWMHNB8cC2IK3nBYduLPgcR_p7Fx4rQ	1990 - A review of magnetic sensors - James E lenz.pdf	partial	lenz-1990-review-magnetic-sensors
pending	range-measurement	1x-co5Jd2RcIikV23yWZQf8TALtFHr4U0	2015 - Systematic errors in Impact-Echo thickness estimation due to near field effects- (2015) Oskar Baggens.pdf	partial	baggens-2015-impact-echo-near-field
pending	method-resonance	1rtOlj4hHve2kOJJENAymUIndNAwKqnjO	Ultrasonic nondestructive evaluation of cylindrical components by resonance acoustic spectroscopy_PREVIEW.pdf	unreadable	ultrasonic-nde-cylindrical-resonance-spectroscopy
pending	focusing-ultrasonic-waves	1jnwFstA-Q4jOLB0cScIyLhVBL7A40hjY	Focusing of ultrasonic beams - HJGohari.pdf	partial	focusing-of-ultrasound-beams-gohari
pending	signal-processing	10GIiySZY-0Khc9qqQ5ayH3LLgrwMNJH7	Dynamic Time Warping Temperature Compensation (2018) Douglass.pdf	partial	dtw-temperature-compensation
pending	signal-processing	10cHRGP5pamI11mFoUO7uGZ7O8Y89wD1w	New Approach to Guided Wave Ray Tomography (2018) D L.pdf	partial	guided-wave-ray-tomography-temperature
pending	signal-processing	16XbqjSg39p_ZkuccazFKnFaksMfrz_yY	statslecture.ppt	unreadable	-
pending	signal-processing	17eZrGm4u0yPfPkq0aaY1sa9lbJALqEZU	MEASUREMENT_STAMINA_S200_23deg.csv	unreadable	-
pending	signal-processing	1BiyafXH-AfcHTZGN_fmS6slHITzHBgrU	A review of image denoising algorithms with a new one.pdf	partial	image-denoising-algorithms-review
pending	signal-processing	1CzekRD45PuDefHyouoB0jq02Q5V--e7b	REFERENCE_STAMINA_S200_23Deg.csv	unreadable	-
pending	signal-processing	1Q0TfkgNUKxcw5hee98MlJ3PHbchtwRw-	Novel physics-based temperature compensation model (2014) Roy.pdf	partial	physics-based-temperature-compensation-roy
pending	signal-processing	1SRqOnxe3_hhY82PJPBOOa9gUuxlYDzC1	Fundamentals of Signal Processing for Sound and Vibration Engineers.pdf	partial	fundamentals-signal-processing-sound-vibration
pending	signal-processing	1Vo8tdckS398u8WDcg0zQYaahzZxuYJtW	Compensation for temperature-dependent phase and velocity (2019) Mariani.pdf	partial	temperature-phase-velocity-compensation-mariani
pending	signal-processing	1WTNK-Ld4KQEEdEnl7sNIBY0RlvJ7gfNz	Considering temperature effect on robust PCA OD as a damage detector (2019) Mujica.pdf	partial	robust-pca-temperature-damage-detection
pending	signal-processing	1WsM4b1oren5-0msuWGltxcKmK6Muh2jc	Digital Signal and Image processing using matlab - G Blanchet (2006).pdf	partial	digital-signal-image-processing-matlab-blanchet
pending	signal-processing	1XtQaoT-wWNu0X7ARiKh6QOYHm_XXzq6e	Scale transform signal processing for optimal ultrasonic temperature compensation - (2012) JB Harley.pdf	partial	scale-transform-temperature-compensation
pending	signal-processing	1_8kabIEnli6f-REMjhkDQ_noBzkX3OnA	weather data.txt	unreadable	-
pending	signal-processing	1gMzF6bFFDk9oIoU-dMiU2OuY9MlpkCR4	Combined Approach for Corrosion Monitoring (2010) Rommetveit.pdf	partial	corrosion-monitoring-guided-wave
pending	signal-processing	1kbUQPdDv2nO2glcm1AA4cUiaM8lTInQh	Signal processing - Rutgers University book (Orfanidis).pdf	partial	intro-signal-processing-orfanidis
pending	signal-processing	1nZe1J5Pxr8PCb6J4Wd_x-no431xvHkD7	New results in linear filtering and prediction theory.pdf	partial	kalman-bucy-linear-filtering
pending	signal-processing	1uuOq8mrMS2ge0CTqNkcrv0jEk-hH-PLO	Signals and Systems Using MATLAB - Ch0 (Chaparro 2019).pdf	partial	signals-systems-matlab-chaparro
pending	grinding	14wZy6M5NL-gE_01DL0AAruRvANT8pPKU	Shaw, Milton C. - Principles of Abrasive Processing (1996, Oxford University Press) - libgen.lc.pdf	partial	shaw-1996-principles-abrasive-processing
pending	honing	1wHiHVNtoV8ymdAT4bxsAg6HAiySYCoui	ASH Handbook VOL 16 - machining - Honing -  1989.pdf	partial	asm-handbook-v16-honing
pending	personal-communications	15X_clpqzofEkP-LZJAwpsxLDUpVQBLfN	piezo element database.docx	unreadable	piezo-element-database
pending	personal-communications	16nZsrWg0DzFkBSjzNLO_c8wi4OIEK_Tz	Thesis_XL_2018.pdf	partial	li-phd-friction-nonlinear-ultrasound
pending	personal-communications	1BbUJOQU8WqdQEBtIYKjDGjP1xMuquryR	Individual Mini Project Presentation-Olivia Manfredi-Final.ppt	unreadable	manfredi-phd-confirmation-mini-project
pending	personal-communications	1J84B8mMsygY81W7ObQppYVG0CTmSviRF	Development of an Ultrasonic Sensing Technique to Measure Lubricant Viscosity in Engine Journal Bearing In-Situ - (2016) Michele Schirru.pdf	partial	schirru-phd-ultrasonic-viscosity-journal-bearing
pending	personal-communications	1hYHqaFBz5lXowwFT3vrqTV-irZzDK8y7	Shah_N (Dwyer-Joyce).pdf	partial	shah-meng-cylinder-bore-distortion
pending	standards	1ACHGMUfJ4lxtSl9fLECG_ztt9ahmkw0e	ASTM-E-8-yr-13.pdf	partial	astm-e8-e8m-2013-tension-testing-metals
pending	standards	1kXh1rD3l4UXp-tciHCB7oDiuLbJpPwZB	ISO_492_2014_EN.pdf.pdf	partial	iso-492-2014-radial-bearings-tolerances
pending	standards	1z7IzrYlghUul-cpDJQQYc7JxiTOyAF5w	1987 - 176-1987 IEEE Standard on Piezoelectricity.pdf	partial	ieee-176-1987-piezoelectricity
pending	00-general-electronics	10D_8UE24xagZkCClZ-yKFnbWPHA7dH9R	SolidState Amplifiers.pdf	partial	collin-solid-state-amplifiers
pending	00-general-electronics	12OjQOlvx4a_b804UbT1YUiJM3_6YaU8u	Chapter-2---Basic-Concepts-in-Signal-Pro_2012_Signals-and-Systems-for-Bioeng.pdf	partial	signals-systems-for-bioengineers
pending	00-general-electronics	13sVnOEEEYwIa5fG2h6hsHBnMoaWu37I-	Chapter-9---Circuit-Elements-and-Circuit-_2012_Signals-and-Systems-for-Bioen.pdf	partial	signals-systems-for-bioengineers
pending	00-general-electronics	16dLKirdk18polGWk0Kd9D06DShlQi6q5	Chapter-1---The-Big-Picture--Bioengineering-S_2012_Signals-and-Systems-for-B.pdf	partial	signals-systems-for-bioengineers
pending	00-general-electronics	19gUo7yCXC_tSHP2tKrr1QjTux9V1hhVr	Passive Microwave Devices.pdf	partial	collin-passive-microwave-devices
pending	00-general-electronics	1C9CXFNJfR5F2QB-hN-qAhEU-VY61ERyq	Chapter-4---The-Fourier-Transform-and-Power-Spect_2012_Signals-and-Systems-f.pdf	partial	signals-systems-for-bioengineers
pending	00-general-electronics	1G14bQi9V_Y339f7vTyZbm94NDEgwML5O	Periodic Structures and Filters.pdf	partial	collin-periodic-structures-filters
pending	00-general-electronics	1Hh6xoa0De2aJjuo58yNUSrO4JxNwCq7X	Chapter-3---Fourier-Transform--Introduc_2012_Signals-and-Systems-for-Bioengi.pdf	partial	signals-systems-for-bioengineers
pending	00-general-electronics	1IigWUNJklv_71cr6rSySDj-oOHc35QfL	Michael Steer - Microwave and RF Design - Volume 3 - Networks - Third Edition.pdf	partial	steer-mrf-vol3-networks
pending	00-general-electronics	1J6J_E2I71EEAoGMQDDLhjnpdUafK83vG	Parametric Amplifiers.pdf	partial	collin-parametric-amplifiers
pending	00-general-electronics	1QFFJ-TUZn9yTDssD6CWlHIjVZjFbi1CP	Microwave Tubes.pdf	partial	collin-microwave-tubes
pending	00-general-electronics	1Rv8xuPT9a7LKfPYfHS8PvIrhqWtU6ywd	Michael Steer - Microwave and RF Design - Volume 2 - Transmission Lines - Third Edition.pdf	partial	steer-mrf-vol2-transmission-lines
pending	00-general-electronics	1SRpnG-t0KL35d0RQCJZYHHvtPI34q08Q	Impedance Transformation and Matching.pdf	partial	collin-impedance-transformation-matching
pending	00-general-electronics	1UFqOsW8qFrnQcy2-xkRbGF-7jXJzpbyC	Oscillators and Mixers.pdf	partial	collin-oscillators-mixers
pending	00-general-electronics	1Vd7oFoKnyUBvo8BrSTMFbXRrhMUh4H5I	ImpedanceTransformSP.pdf - Shortcut.lnk	unreadable	-
pending	00-general-electronics	1WQ6B5qb5hIOYf4d8_MvXvP4b0qEI49aK	Chapter-5---Linear-Systems-in-the-Frequency-Dom_2012_Signals-and-Systems-for.pdf	partial	signals-systems-for-bioengineers
pending	00-general-electronics	1ea6Xpy-zA0jWC9OAb2MJqeUrIq9qfcJC	Transmission Lines and Waveguides.pdf	partial	collin-transmission-lines-waveguides
pending	00-general-electronics	1fcxGKjRWpm-2A2li2FYFGpDdE9YU7-1s	Electromagnetic Resonators.pdf	partial	collin-em-resonators
pending	00-general-electronics	1jQ4YF28bbh8oV1t9mGMj117DNdFeiJIe	Chapter-7---Linear-Systems-Analysis-in-the-Time-D_2012_Signals-and-Systems-f.pdf	partial	signals-systems-for-bioengineers
pending	00-general-electronics	1jfPFajUQT3MseLT5u9temT-ajXA4Z1Yi	Chapter-8---Linear-System-Analysis--Appl_2012_Signals-and-Systems-for-Bioeng.pdf	partial	signals-systems-for-bioengineers
pending	00-general-electronics	1l4eogGNOQewnwzOlzNEvcg7MG3cESSlt	Michael Steer - Microwave and RF Design - Volume 5 - Amplifiers and Oscillators - Third Edition.pdf	partial	steer-mrf-vol5-amplifiers-oscillators
pending	00-general-electronics	1ldKt3mm4IB6RECxfBywRk7B_OhjxiSV6	Chapter-11---Circuit-Reduction--Simplifi_2012_Signals-and-Systems-for-Bioeng.pdf	partial	signals-systems-for-bioengineers
pending	00-general-electronics	1m3-Du9DFQFDptR8_TVlt3cy1GBvSd1Bc	Electromagnetic Theory.pdf	partial	collin-em-theory
pending	00-general-electronics	1nUk0tPcGfYLcW1sBkVbLRCVSIDYuoqRR	Chapter-10---Analysis-of-Analog-Circuits-a_2012_Signals-and-Systems-for-Bioe.pdf	partial	signals-systems-for-bioengineers
pending	00-general-electronics	1nXouo9pjU7JiAijX12sFJQavzyxWqHV0	Chapter-12---Basic-Analog-Electronics--Operat_2012_Signals-and-Systems-for-B.pdf	partial	signals-systems-for-bioengineers
pending	00-general-electronics	1p7ygYVzRgSzkQ7WsQvSiDUVouaxUzTAM	Chapter-6---Linear-Systems-Analysis-in-the-Complex-Fre_2012_Signals-and-Syst.pdf	partial	signals-systems-for-bioengineers
pending	00-general-electronics	1pKJpg2BjsqCesrMtr0z-i4I9M0f19pV5	Michael Steer - Microwave and RF Design - Volume 1 - Radio Systems - Third Edition.pdf	partial	steer-mrf-vol1-radio-systems
pending	00-general-electronics	1rcfIHSOs7LKxKPTjbBw7RyMYNmjB9s8R	Circuit Theory for Waveguiding Systems.pdf	partial	collin-circuit-theory-waveguiding
pending	00-general-electronics	1wduJWqWommLXtowlHMRiiXE0BWDHWYpW	Michael Steer - Microwave and RF Design - Volume 4 - Modules - Third Edition.pdf	partial	steer-mrf-vol4-modules
pending	00-general-engineering-books	1AGeqJC1Dr7q7l8utYOU5wEjmwCwSfwxN	Part 2 - Michael Clifford An Introduction to Mechanical Engineering Part 2.pdf	partial	intro-mechanical-engineering-part2-clifford
pending	00-general-engineering-books	1CVJTjUyCvCxhKqGufFezZqJfnvBpneST	Marinescu, W. Brian Rowe, Boris Dimitrov, Ichiro Inasaki, - Tribology of Abrasive Machining Processes (2005).pdf	partial	tribology-abrasive-machining-marinescu
pending	00-general-engineering-books	1E5MqGX6pUI7HV1ns6OuUa5IYxEBK09OD	[Kevin_L._Hoag_M.S._(auth.)]_Vehicular_Engine_Desi(b-ok.xyz) (1).pdf	partial	vehicular-engine-design-hoag
pending	00-general-engineering-books	1FDz6e6RDFW9YyD7o8fTdBDH9knpO4lh_	ManualOfEngineeringDrawing.pdf	partial	manual-of-engineering-drawing
pending	00-general-engineering-books	1GaKDNwUNI0qz6Ntj3QogW01GrPGF4fke	AFWAL_TR-81-3041_VOL-II.pdf	partial	afwal-tr-81-3041-vol-ii
pending	00-general-engineering-books	1LGRRrlYzbj9mLqKdMoZERqzY1IAFGMQJ	ASM International Handbook Committee (Eds.) - ASM Handbook, Volume 16 - Machining (1989, ASM International) - libgen.lc.pdf	unreadable	asm-handbook-vol16-machining
pending	00-general-engineering-books	1S75CrKmJutZeV2MpXGzBesjn7Wj9RZ3y	A I R C R A F T   S T A B I L I T Y   A N D   C O N T R O L.pdf	partial	aircraft-stability-and-control-carley
pending	00-general-engineering-books	1UiQMSCgABNovUnkuxLl6R5r7D_RvfHAd	Intro to mechanical engineering - 5.7 Semiconductor rectifiers.docx	unreadable	intro-mechanical-engineering-semiconductor-rectifiers
pending	00-general-engineering-books	1XtK89svU1ybaEIK1YKL6eZWxulUaLOxE	dimensionless analysis BOOK.pdf	partial	dimensional-analysis-sonin
pending	00-general-engineering-books	1bs5W61u9lE0lRONXzPRzaOYygbI7BodN	Internal Combustion Engine john heywood.pdf	partial	internal-combustion-engine-heywood
pending	00-general-engineering-books	1e4Uv__-5ek_UXGwWbSk6c_CLTafk0Wk5	Peng Zhang - Advanced Industrial Control Technology (2010).pdf	partial	advanced-industrial-control-technology-zhang
pending	00-general-engineering-books	1jy3-1X3RCM51k6cYOZ_Vx_Ic0o98ic3n	2001 - Surface Roughness Analysis and Measurement Techniques 8403_PDF_CH02 - Bharat Bhushan.pdf	partial	surface-roughness-analysis-bhushan
pending	00-general-engineering-books	1lQnB8jqd_QGUMEG7HQCQ9uCIv9BZ9wKt	mechanical_vibrations_5th-edition_s-s-rao.pdf	partial	mechanical-vibrations-5th-edition-rao
pending	00-general-engineering-books	1mUmUIFB5y9aVX6espnlUnTXIWmuxjb74	Paul Scherz - Practical Electronics for Inventors-McGraw-Hill_TAB Electronics (2000).pdf	partial	practical-electronics-for-inventors-scherz
pending	00-general-engineering-books	1sl4D2LD3uhzchnejkjvJ6Yu9PA2V6y8x	Part 1 - Michael Clifford, Kathy Simmons, Philip Shipway An introduction to mechanical engineering. _ Part 1.pdf	partial	intro-mechanical-engineering-part1-clifford
pending	00-general-engineering-books	1uvpumxa_a2GoSars2080oDYI-3VGdgcM	Gwidon Stachowiak, A W Batchelor - Engineering Tribology, Second Edition -Butterworth-Heinemann (2000).pdf	partial	engineering-tribology-stachowiak-batchelor
pending	00-general-hardware-design-stuff	1VSJ20N0UeMQ8hfRYiwxpf3B3z7VSNwR_	Chapter8 - Analogue Filters.pdf	partial	chapter8-analogue-filters
pending	00-general-heat-transfer	1hWO6V4J2ju0P9RZ5Z7JP8mXWxE88-Gfy	Introduction to engineering heat transfer.pdf	partial	introduction-to-engineering-heat-transfer
pending	00-general-heat-transfer	1ijuX2uojF8wN-gsbVIQwHIitpstoifIi	Thermophysical Properties of Matter - The TPRC Data Series. Volume 1. Thermal Conductivity - Metallic Elements and Alloys.pdf	unreadable	tprc-thermal-conductivity-metallic-elements-alloys-vol1
pending	00-general-mechanical-and-materials	10cFn4N8AHMTRmgZyHcj7i5qbwcdkXhP9	Warren Young, Richard Budynas - Roark's Formulas for Stress and Strain (2001, McGraw-Hill Professional).pdf	partial	roarks-formulas-stress-strain-7th-ed
pending	00-general-mechanical-and-materials	1BO9ADY70yfUTuRGjwjD20E2iG2IujZnI	Michael Clifford, Kathy Simmons, Philip Shipway An introduction to mechanical engineering. _ Part 1.pdf	partial	introduction-mechanical-engineering-clifford-part1
pending	00-general-mechanical-and-materials	1H1bMoOqQVDZqyLynsyDWfb6pYT2FdRIZ	Mechanics of materials - James M Gere.pdf	partial	mechanics-of-materials-gere
pending	00-general-mechanical-and-materials	1HD_kJkTfqmWSpCm4OFp6-_CM_weydyJX	Advanced Mechanics of Materials 6ed - Boresi and Schmidt.pdf	partial	advanced-mechanics-of-materials-boresi-schmidt
pending	00-general-mechanical-and-materials	1Nv6ORbtKwj4TZE6p8nFKHkwbzIOddjE4	Experimental Analysis of the Behaviour of Aluminium Alloy EN 6082AW T6 at High Temperature - wgrid.png	unreadable	aluminium-en6082-stress-strain-data
pending	00-general-mechanical-and-materials	1Pn2HEaSPKhnNMjdxtv1H3002_RQKGQkw	Theory of Structural Dynamics.pdf	partial	theory-of-structural-dynamics-civ4180
pending	00-general-mechanical-and-materials	1TfZARUEXIUAmkSaThHyUEn2Ut4zPZkQQ	Y._Tamarin_Atlas_of_Stress-Strain_CurvesBookZZ.org.pdf	unreadable	atlas-stress-strain-curves-tamarin
pending	00-general-mechanical-and-materials	1Vz3-wKM4pnloqb6GJ_8HEA84a8YJUQ52	Experimental Analysis of the Behaviour of Aluminium Alloy EN 6082AW T6 at High Temperature.png	unreadable	aluminium-en6082-stress-strain-data
pending	00-general-mechanical-and-materials	1yHlVPXdvS6BOAsNWborASjLVb5I-SvLU	Michael Clifford An Introduction to Mechanical Engineering Part 2.pdf	partial	introduction-mechanical-engineering-clifford-part2
pending	99-other-relevant-papers	1xP59YGdMYgjAOWvcDDFryY_iBO2fZOXQ	Breath Figure- A Nature-Inspired Preparation Method for Ordered Porous Films - (2018) Aijuan Zhang Hua Bai and Lei Li.pdf	unreadable	breath-figure-ordered-porous-films-zhang
pending	data-sheets	1JFPqEnr3OyYQ0pHiOYV257kGF67lNpf1	Capability Machining Systems _ (2002) A Larsson.pdf	partial	capability-machining-systems-larsson
pending	data-sheets	1niS0gN05UJtiw4Sa-mUq5H7IE7-CiHNk	ASME-Y14-5M-2004-Dimension-Ing-and-Tolerancing.pdf	partial	asme-y14-5m-2004-dimensioning-tolerancing
pending	data-sheets	1qK8WxDE6zdFDPxFkGErG-nV7aKMTGwj5	PI_CAT125E_R3_Piezoelectric_Ceramic_Products.pdf	partial	pi-piezoelectric-ceramic-products-catalog
pending	data-sheets	1umkOb7QwFtgnjsnKpuwsYHyu6UwqA9vB	NSK_CAT_E1103a_PartA.pdf	partial	nsk-rolling-bearing-catalog
pending	data-sheets	1vtoISsknU_MwHi1K26C_9yR6HpQGkEJx	FUNdaMENTALS Topic 10_Bearings.PDF	partial	fundamentals-bearings
pending	design-engineering	1V_HJC5N2SJkM9KIS2GQ7f0LgCAPpRvC1	Geometric and Engineering Drawing.pdf	partial	geometric-and-engineering-drawing
pending	design-engineering	1XRXC1w_H8n-VGW7wxs15_jhFmAnNkkK0	Metals HandBook Volume 1 - Properties and Selection Irons Steels and High Performance Alloy.pdf	unreadable	metals-handbook-vol1
pending	maths	1--MIOYcH3l60nq4y9_hicY6v40WGQuGO	Steven H. Strogatz - Infinite Powers_ How Calculus Reveals the Secrets of the Universe-Houghton Mifflin Harcourt (2019).pdf	partial	infinite-powers
pending	maths	11rUNI6Lg49II9-Y5f0oW4AeOnWYqAx9P	advanced-engineering-mathematics-4th-ed-k-stroud(1).pdf	unreadable	stroud-advanced-engineering-mathematics
pending	maths	12C6mGL7Vc54my9ktRYUSSJRT34NpOe9K	Digital Signal Processing Using Matlab v4.0 (John G Proakis).pdf	partial	dsp-matlab-proakis
pending	maths	15Lew2Gsu0AVIvKF-6QtgV2oqD1670JJj	The foundations of mathematics - Ian Stewart David Tall.pdf	partial	foundations-of-mathematics-stewart-tall
pending	maths	16-T6j1X1ns5wIegnFT2_Y6YaXqFUwo8O	MA251 - Algebra I - Advanced Linear Algebra.pdf	partial	ma251-advanced-linear-algebra
pending	maths	1AEfgG07s36Aod9Y5pGFdilaIyoJosuvT	Stroud-EngineeringMathematics1stEd.pdf	partial	stroud-engineering-mathematics
pending	maths	1Hj62q03gtdBgUWV1p4z9HJapT0rsX5Jx	foundations.pdf	partial	foundations-pdf
pending	maths	1InIThaJMjXRe8dHS-aKfPjBR3CQBNlxl	MA250_ln_20200331.pdf	partial	ma250-pde
pending	maths	1Kco8R4gSjCJP0fvneia4VneHunGAaA-U	[Steven_Strogatz]_Infinite_Powers__How_Calculus_Re(z-lib.org).epub	unreadable	infinite-powers-epub
pending	maths	1MAxk0hu2cp6SbCtDEElvOqp50tKPgJx4	Functional and Structured Tensor Analysis for Engineers.pdf	partial	brannon-tensor-analysis
pending	maths	1NxI-s-16qHO1nfTXy0dR8dpcQxXqVarl	MA132 - Foundations.pdf	partial	ma132-foundations
pending	maths	1RejJNS6YVJJoHR1FOTO7gJgYC5je6jYt	Myint-U_Debnath-Linear_Partial_Differential_Equations_for_Scientists_and_Engineers.pdf	partial	linear-pde-myint-u
pending	maths	1TZ8Kp0uL4jz_m6nVV46rexY5nTHQvETX	Pavel Grinfeld auth. Introduction to Tensor Analysis and the Calculus of Moving Surfaces.pdf	partial	grinfeld-tensor-analysis
pending	maths	1U4L0uY5t4ct8xg6eMvilFfEpVN-QY91n	One Variable Calculus With An Introduction To Linear Algebra - Apostol.pdf	partial	apostol-calculus
pending	maths	1U_O9E7ZkjQSMM-mr8jKaIzBU5yw7cway	Advanced Engineering Mathematics 10th Edition.pdf	partial	kreyszig-advanced-engineering-mathematics
pending	maths	1Wm3fmioPoJhIoYa9G-4L4biKPwPQ_HOM	Wave chaos in acoustics and elasticity - (2007) Gregor Tanner.pdf	partial	wave-chaos
pending	maths	1YgxgUrTVnURKYQRjxBnvTKGnf9xDiMu7	MA106 - Linear Algebra lecture notes.pdf	partial	ma106-linear-algebra
pending	maths	1bhtXgC7dSjkkFydhOszSuTYhtZwcCaRG	Beardon-Algebra and Geometry.pdf	partial	beardon-algebra-geometry
pending	maths	1mGpPG4xLReIKO0HDLxDWa3nfRqyiREiY	freecomplexnumbers.pdf	partial	complex-numbers
pending	maths	1nZl_cKlagk_qSgvS7t0JG76hQkWkBpqG	Introduction to Tensor Calculus for General.pdf	partial	tensor-calculus-general-relativity
pending	maths	1uSCgQzHIcoGD0WnM6vG-9wsXehBrMgv7	(Studies in Nonlinearity) Steven H. Strogatz - Nonlinear Dynamics and Chaos-Westview Press (2001).pdf	partial	nonlinear-dynamics-chaos
pending	matlab-and-labview	1BWeZGTdbijuwYxKqQefymmKsSOu1s2p0	Cory Clark - LabVIEW Digital Signal Processing-McGraw-Hill Professional (2005).pdf	partial	labview-dsp-digital-communications
pending	matlab-and-labview	1fu2Py3gANsxvoc9I_eee1HNJwDJlbCFl	Behzad Ehsani - Data Acquisition using LabVIEW-Packt (2016).pdf	partial	data-acquisition-using-labview
pending	programming	18JeYMDQubvReJlg_m0M2p9QbXYD1hUjo	B14377_TheJavaScriptWorkshop_eBook-200128-104706.pdf	partial	javascript-workshop
pending	programming	1Bad0wTUESc4ROGqYE-nc7ZbL7Zpcitn-	B15779-200229-110757.epub	unreadable	-
pending	programming	1Dee-UjwoNjpj8dot-VMKXO_4y_s402zY	TheDataScienceWorkshopepub-200131-093120.epub	unreadable	-
pending	programming	1GBV3niO3FPWTrtPnC1kfxXN2YlOaE4Dh	B15731_V1-200128-103813.epub	unreadable	-
pending	programming	1I5ht79h9QG0op1mKa6Sow_jubUUBADm_	TheDataVisualizationWorkshop_eBook-200229-110313.pdf	partial	data-visualization-workshop
pending	programming	1M86LM6jm2PEKcn2bgwVQD54X7nM6CuF6	Cory Clark - LabVIEW Digital Signal Processing-McGraw-Hill Professional (2005).pdf	partial	labview-dsp
pending	programming	1McA3hKPOOvCWC6Pbun7eo4KcPoI2wI4s	C14377_V2-200128-104836.epub	unreadable	-
pending	programming	1PNkuEi-BLWad7feD4dIMikTtUV7aJZJP	C13927_TheJavaWorkshop_eBook-200128-103838.pdf	partial	java-workshop
pending	programming	1U5nreEvUIu3LhIf_dCzB2bPnPBMxjVNw	TheCWorkshop-200206-174213.epub	unreadable	-
pending	programming	1hJQ6fkT8kK_CP93Jp27f_Je_c4pkzgy5	B14197_V1-200128-104123.epub	unreadable	-
pending	programming	1ihzU4UjiLOaescdSkrfpKhG5i0j6TdrW	- labview graphical programming cookbook.pdf	partial	labview-graphical-programming-cookbook
pending	programming	1lQ9hD6SjsdG6-PdGMNQVt8hgZI7cMBSH	B14197_RubyWorkshop_eBook-200128-104214.pdf	partial	ruby-workshop
pending	programming	1tCsvWgSGPCCPYqs45gUw22JSKJit2mXJ	C++ lecture.zip	unreadable	-
pending	programming	1vueHlE_IE2SryTHNU0EvB6cVfXKK8mc6	Vine,_Michael_-_C_Programming_for_the_Absolute_Beginner_-_2nd_Edition.pdf	partial	c-programming-absolute-beginner
pending	programming	1xRqjWJrVUPxE_QKr3PrL2WqMhFXtnFwd	TheDataScienceWorkshopebook-200131-093120.pdf	partial	data-science-workshop
